scenario,adoption_readiness,operational_fit,durability,governance_readiness,equity_readiness,financial_sustainability,composite_risk
Balanced,0.20,0.18,0.18,0.15,0.14,0.10,0.05
Adoption First,0.38,0.16,0.14,0.10,0.10,0.08,0.04
Operations First,0.14,0.38,0.16,0.12,0.10,0.06,0.04
Durability First,0.14,0.16,0.38,0.12,0.10,0.06,0.04
Governance First,0.14,0.14,0.14,0.34,0.12,0.08,0.04
Equity Sensitive,0.14,0.14,0.14,0.12,0.34,0.08,0.04
Financially Constrained,0.14,0.16,0.16,0.12,0.10,0.28,0.04
Risk Sensitive,0.16,0.16,0.16,0.12,0.12,0.08,0.20
Scale Readiness,0.18,0.18,0.20,0.16,0.14,0.10,0.04
