stakeholder_group,stakeholder_type,time_burden,cognitive_burden,emotional_burden,documentation_burden,uncertainty_burden,coordination_burden,accessibility_need,trust_gap,affectedness,voice,influence,repair_access
Residents using public service,public_user,7.6,7.8,7.2,8.0,8.2,7.4,0.62,7.0,0.88,4.6,3.8,4.2
Disabled users,public_user,8.0,8.2,7.6,7.8,8.4,8.0,0.94,7.6,0.92,4.4,3.6,4.0
Limited English users,public_user,7.8,8.0,7.0,7.4,8.0,7.6,0.82,7.2,0.86,4.2,3.4,3.8
Frontline staff,staff,7.2,7.0,7.4,6.6,6.8,7.8,0.38,5.8,0.74,6.0,5.4,5.6
Middle managers,staff,6.2,6.6,5.8,5.8,6.0,6.8,0.30,4.8,0.58,6.2,6.0,5.8
Community advocates,community_partner,6.8,6.6,7.8,6.2,7.4,7.2,0.50,7.8,0.80,5.6,4.8,4.4
Technology and data teams,internal_team,5.8,6.8,5.2,5.6,6.2,7.0,0.24,4.2,0.54,6.8,6.2,6.0
Legal and compliance teams,internal_team,5.4,6.2,4.8,6.0,5.6,6.4,0.20,3.8,0.50,6.4,6.0,5.8
Executive sponsors,leadership,4.8,5.4,4.4,4.6,5.0,5.8,0.18,3.6,0.48,7.2,7.0,6.4
